IPv4-адрес 1,Критерий 1,IPv4-адрес 2,Критерий 2,Свойство
142.250.184.238,Доступен,180.139.244.251,Доступен,Свойство=814
142.250.184.238,Доступен,212.145.242.215,Доступен,Свойство=814
142.250.184.238,Доступен,146.242.212.214,Доступен,Свойство=814
142.250.184.238,Доступен,207.202.252.153,Доступен,Свойство=814
142.250.186.142,Доступен,74.181.227.238,Доступен,Свойство=720
142.250.186.142,Доступен,201.135.215.169,Доступен,Свойство=720
142.250.186.142,Доступен,144.249.231.96,Доступен,Свойство=720
142.250.186.142,Доступен,94.171.208.247,Доступен,Свойство=720
142.250.186.142,Доступен,173.184.147.216,Доступен,Свойство=720
142.250.186.142,Доступен,86.195.192.247,Доступен,Свойство=720
142.250.186.142,Доступен,183.139.173.225,Доступен,Свойство=720
31.13.72.36,Доступен,81.36.29.6,Доступен,Свойство=152
31.13.72.36,Доступен,88.43.10.11,Доступен,Свойство=152
31.13.72.36,Доступен,123.3.11.15,Доступен,Свойство=152
31.13.72.36,Доступен,27.32.44.49,Доступен,Свойство=152
31.13.72.36,Доступен,75.47.24.6,Доступен,Свойство=152
31.13.72.36,Доступен,61.81.7.3,Доступен,Свойство=152
31.13.72.36,Доступен,70.7.14.61,Доступен,Свойство=152
31.13.72.36,Доступен,1.128.13.10,Доступен,Свойство=152
31.13.72.36,Доступен,27.23.96.6,Доступен,Свойство=152
31.13.72.36,Доступен,124.8.1.19,Доступен,Свойство=152
31.13.72.174,Доступен,64.40.103.83,Доступен,Свойство=290
31.13.72.174,Доступен,23.137.73.57,Доступен,Свойство=290
31.13.72.174,Доступен,214.3.11.62,Доступен,Свойство=290
31.13.72.174,Доступен,53.24.199.14,Доступен,Свойство=290
31.13.72.174,Доступен,52.53.36.149,Доступен,Свойство=290
31.13.72.174,Доступен,19.73.35.163,Доступен,Свойство=290
31.13.72.174,Доступен,112.124.26.28,Доступен,Свойство=290
31.13.72.174,Доступен,18.87.40.145,Доступен,Свойство=290
31.13.72.174,Доступен,87.20.169.14,Доступен,Свойство=290
172.66.0.227,Доступен,105.60.121.179,Доступен,Свойство=465
172.66.0.227,Доступен,106.18.225.116,Доступен,Свойство=465
172.66.0.227,Доступен,28.218.196.23,Доступен,Свойство=465
172.66.0.227,Доступен,38.128.161.138,Доступен,Свойство=465
172.66.0.227,Доступен,163.65.9.228,Доступен,Свойство=465
172.66.0.227,Доступен,9.93.151.212,Доступен,Свойство=465
172.66.0.227,Доступен,26.153.65.221,Доступен,Свойство=465
31.13.72.52,Доступен,38.63.10.57,Доступен,Свойство=168
31.13.72.52,Доступен,71.20.44.33,Доступен,Свойство=168
31.13.72.52,Доступен,20.4.120.24,Доступен,Свойство=168
31.13.72.52,Доступен,2.65.22.79,Доступен,Свойство=168
31.13.72.52,Доступен,63.28.54.23,Доступен,Свойство=168
31.13.72.52,Доступен,24.54.71.19,Доступен,Свойство=168
31.13.72.52,Доступен,47.92.20.9,Доступен,Свойство=168
31.13.72.52,Доступен,69.46.7.46,Доступен,Свойство=168
31.13.72.52,Доступен,48.34.59.27,Доступен,Свойство=168
31.13.72.52,Доступен,89.56.19.4,Доступен,Свойство=168
172.64.155.209,Доступен,72.199.244.85,Доступен,Свойство=600
172.64.155.209,Доступен,175.236.13.176,Доступен,Свойство=600
172.64.155.209,Доступен,136.82.187.195,Доступен,Свойство=600
172.64.155.209,Доступен,47.250.84.219,Доступен,Свойство=600
172.64.155.209,Доступен,86.159.175.180,Доступен,Свойство=600
172.64.155.209,Доступен,95.251.208.46,Доступен,Свойство=600
172.64.155.209,Доступен,150.28.196.226,Доступен,Свойство=600
172.64.155.209,Доступен,193.115.132.160,Доступен,Свойство=600
185.15.59.224,Доступен,96.17.209.161,Доступен,Свойство=483
185.15.59.224,Доступен,219.61.185.18,Доступен,Свойство=483
185.15.59.224,Доступен,189.144.88.62,Доступен,Свойство=483
185.15.59.224,Доступен,169.66.32.216,Доступен,Свойство=483
185.15.59.224,Доступен,86.112.76.209,Доступен,Свойство=483
185.15.59.224,Доступен,143.115.0.225,Доступен,Свойство=483
185.15.59.224,Доступен,19.216.100.148,Доступен,Свойство=483
185.15.59.224,Доступен,54.85.108.236,Доступен,Свойство=483
185.15.59.224,Доступен,119.62.100.202,Доступен,Свойство=483
185.15.59.224,Доступен,86.179.120.98,Доступен,Свойство=483
151.101.1.140,Доступен,174.71.41.107,Доступен,Свойство=393
151.101.1.140,Доступен,29.218.34.112,Доступен,Свойство=393
151.101.1.140,Доступен,73.40.137.143,Доступен,Свойство=393
151.101.1.140,Доступен,52.217.23.101,Доступен,Свойство=393
151.101.1.140,Доступен,30.48.189.126,Доступен,Свойство=393
151.101.1.140,Доступен,86.141.151.15,Доступен,Свойство=393
151.101.1.140,Доступен,53.35.85.220,Доступен,Свойство=393
151.101.1.140,Доступен,17.117.210.49,Доступен,Свойство=393
151.101.1.140,Доступен,102.106.150.35,Доступен,Свойство=393
151.101.1.140,Доступен,6.110.97.180,Доступен,Свойство=393
98.137.11.163,Доступен,92.17.174.126,Доступен,Свойство=409
98.137.11.163,Доступен,45.116.193.55,Доступен,Свойство=409
98.137.11.163,Доступен,68.190.129.22,Доступен,Свойство=409
98.137.11.163,Доступен,97.243.40.29,Доступен,Свойство=409
98.137.11.163,Доступен,134.204.51.20,Доступен,Свойство=409
98.137.11.163,Доступен,123.247.23.16,Доступен,Свойство=409
98.137.11.163,Доступен,129.48.10.222,Доступен,Свойство=409
98.137.11.163,Доступен,111.216.77.5,Доступен,Свойство=409
98.137.11.163,Доступен,58.180.44.127,Доступен,Свойство=409
98.137.11.163,Доступен,59.214.58.78,Доступен,Свойство=409
182.22.16.251,Доступен,18.145.67.241,Доступен,Свойство=471
182.22.16.251,Доступен,174.65.24.208,Доступен,Свойство=471
182.22.16.251,Доступен,157.145.108.61,Доступен,Свойство=471
182.22.16.251,Доступен,11.150.224.86,Доступен,Свойство=471
182.22.16.251,Доступен,165.16.54.236,Доступен,Свойство=471
182.22.16.251,Доступен,30.216.90.135,Доступен,Свойство=471
182.22.16.251,Доступен,119.54.72.226,Доступен,Свойство=471
182.22.16.251,Доступен,105.90.111.165,Доступен,Свойство=471
182.22.16.251,Доступен,199.2.216.54,Доступен,Свойство=471
182.22.16.251,Доступен,182.75.167.47,Доступен,Свойство=471
5.255.255.77,Доступен,142.147.82.221,Доступен,Свойство=592
5.255.255.77,Доступен,179.90.84.239,Доступен,Свойство=592
5.255.255.77,Доступен,134.255.75.128,Доступен,Свойство=592
5.255.255.77,Доступен,185.197.192.18,Доступен,Свойство=592
5.255.255.77,Доступен,196.199.82.115,Доступен,Свойство=592
5.255.255.77,Доступен,115.187.71.219,Доступен,Свойство=592
5.255.255.77,Доступен,95.153.204.140,Доступен,Свойство=592
5.255.255.77,Доступен,113.120.246.113,Доступен,Свойство=592
5.255.255.77,Доступен,121.130.190.151,Доступен,Свойство=592
54.239.28.85,Доступен,94.118.129.65,Доступен,Свойство=406
54.239.28.85,Доступен,122.53.47.184,Доступен,Свойство=406
54.239.28.85,Доступен,161.41.150.54,Доступен,Свойство=406
54.239.28.85,Доступен,3.130.66.207,Доступен,Свойство=406
54.239.28.85,Доступен,175.9.66.156,Доступен,Свойство=406
54.239.28.85,Доступен,192.134.25.55,Доступен,Свойство=406
54.239.28.85,Доступен,171.199.21.15,Доступен,Свойство=406
54.239.28.85,Доступен,61.51.209.85,Доступен,Свойство=406
54.239.28.85,Доступен,158.88.77.83,Доступен,Свойство=406
2.22.31.32,Доступен,57.4.15.11,Доступен,Свойство=87
2.22.31.32,Доступен,22.16.10.39,Доступен,Свойство=87
2.22.31.32,Доступен,19.20.34.14,Доступен,Свойство=87
2.22.31.32,Доступен,22.15.31.19,Доступен,Свойство=87
2.22.31.32,Доступен,8.34.6.39,Доступен,Свойство=87
2.22.31.32,Доступен,24.1.0.62,Доступен,Свойство=87
2.22.31.32,Доступен,40.16.11.20,Доступен,Свойство=87
2.22.31.32,Доступен,59.8.8.12,Доступен,Свойство=87
2.22.31.32,Доступен,15.2.39.31,Доступен,Свойство=87
2.22.31.32,Доступен,15.30.12.30,Доступен,Свойство=87
39.156.66.10,Доступен,88.6.164.13,Доступен,Свойство=271
39.156.66.10,Доступен,75.8.7.181,Доступен,Свойство=271
39.156.66.10,Доступен,16.81.173.1,Доступен,Свойство=271
39.156.66.10,Доступен,25.130.69.47,Доступен,Свойство=271
39.156.66.10,Доступен,1.126.45.99,Доступен,Свойство=271
39.156.66.10,Доступен,117.37.67.50,Доступен,Свойство=271
39.156.66.10,Доступен,30.2.142.97,Доступен,Свойство=271
39.156.66.10,Доступен,44.45.34.148,Доступен,Свойство=271
39.156.66.10,Доступен,4.103.21.143,Доступен,Свойство=271
13.107.42.14,Доступен,40.6.44.86,Доступен,Свойство=176
13.107.42.14,Доступен,17.80.65.14,Доступен,Свойство=176
13.107.42.14,Доступен,21.57.7.91,Доступен,Свойство=176
13.107.42.14,Доступен,52.31.85.8,Доступен,Свойство=176
13.107.42.14,Доступен,77.16.0.83,Доступен,Свойство=176
13.107.42.14,Доступен,46.7.52.71,Доступен,Свойство=176
13.107.42.14,Доступен,27.58.39.52,Доступен,Свойство=176
13.107.42.14,Доступен,19.36.116.5,Доступен,Свойство=176
13.107.42.14,Доступен,97.18.15.46,Доступен,Свойство=176
13.107.42.14,Доступен,10.34.58.74,Доступен,Свойство=176
54.74.73.31,Доступен,34.121.25.52,Доступен,Свойство=232
54.74.73.31,Доступен,55.15.131.31,Доступен,Свойство=232
54.74.73.31,Доступен,22.60.18.132,Доступен,Свойство=232
54.74.73.31,Доступен,13.54.89.76,Доступен,Свойство=232
54.74.73.31,Доступен,20.47.94.71,Доступен,Свойство=232
54.74.73.31,Доступен,83.119.17.13,Доступен,Свойство=232
54.74.73.31,Доступен,23.94.97.18,Доступен,Свойство=232
54.74.73.31,Доступен,57.56.45.74,Доступен,Свойство=232
54.74.73.31,Доступен,106.1.124.1,Доступен,Свойство=232
54.74.73.31,Доступен,40.48.29.115,Доступен,Свойство=232
66.254.114.41,Доступен,106.151.163.55,Доступен,Свойство=475
66.254.114.41,Доступен,170.50.208.47,Доступен,Свойство=475
66.254.114.41,Доступен,157.125.141.52,Доступен,Свойство=475
66.254.114.41,Доступен,14.250.11.200,Доступен,Свойство=475
66.254.114.41,Доступен,127.123.97.128,Доступен,Свойство=475
66.254.114.41,Доступен,88.3.252.132,Доступен,Свойство=475
66.254.114.41,Доступен,51.98.169.157,Доступен,Свойство=475
66.254.114.41,Доступен,81.112.154.128,Доступен,Свойство=475
66.254.114.41,Доступен,43.197.43.192,Доступен,Свойство=475
62.217.160.2,Доступен,46.117.120.158,Доступен,Свойство=441
62.217.160.2,Доступен,178.68.24.171,Доступен,Свойство=441
62.217.160.2,Доступен,8.122.67.244,Доступен,Свойство=441
62.217.160.2,Доступен,181.178.5.77,Доступен,Свойство=441
62.217.160.2,Доступен,81.11.234.115,Доступен,Свойство=441
62.217.160.2,Доступен,71.122.56.192,Доступен,Свойство=441
62.217.160.2,Доступен,76.167.181.17,Доступен,Свойство=441
62.217.160.2,Доступен,10.161.68.202,Доступен,Свойство=441
62.217.160.2,Доступен,211.12.213.5,Доступен,Свойство=441
62.217.160.2,Доступен,76.174.186.5,Доступен,Свойство=441
223.130.200.219,Доступен,97.245.209.221,Доступен,Свойство=772
223.130.200.219,Доступен,154.156.207.255,Доступен,Свойство=772
223.130.200.219,Доступен,107.249.162.254,Доступен,Свойство=772
223.130.200.219,Доступен,198.226.155.193,Доступен,Свойство=772
223.130.200.219,Доступен,158.214.179.221,Доступен,Свойство=772
223.130.200.219,Доступен,175.107.250.240,Доступен,Свойство=772
223.130.200.219,Доступен,165.245.124.238,Доступен,Свойство=772
223.130.200.219,Доступен,197.201.154.220,Доступен,Свойство=772
204.79.197.212,Доступен,206.191.213.82,Доступен,Свойство=692
204.79.197.212,Доступен,35.214.204.239,Доступен,Свойство=692
204.79.197.212,Доступен,113.216.211.152,Доступен,Свойство=692
204.79.197.212,Доступен,93.184.239.176,Доступен,Свойство=692
204.79.197.212,Доступен,217.251.64.160,Доступен,Свойство=692
204.79.197.212,Доступен,137.144.171.240,Доступен,Свойство=692
204.79.197.212,Доступен,140.172.205.175,Доступен,Свойство=692
204.79.197.212,Доступен,205.224.76.187,Доступен,Свойство=692
204.79.197.212,Доступен,196.180.221.95,Доступен,Свойство=692
204.79.197.212,Доступен,199.134.182.177,Доступен,Свойство=692
13.107.6.156,Доступен,85.60.128.9,Доступен,Свойство=282
13.107.6.156,Доступен,15.92.144.31,Доступен,Свойство=282
13.107.6.156,Доступен,54.80.1.147,Доступен,Свойство=282
13.107.6.156,Доступен,73.12.104.93,Доступен,Свойство=282
13.107.6.156,Доступен,86.0.10.186,Доступен,Свойство=282
13.107.6.156,Доступен,30.92.8.152,Доступен,Свойство=282
13.107.6.156,Доступен,50.68.162.2,Доступен,Свойство=282
13.107.6.156,Доступен,161.80.0.41,Доступен,Свойство=282
13.107.6.156,Доступен,45.152.11.74,Доступен,Свойство=282
13.107.6.156,Доступен,24.177.70.11,Доступен,Свойство=282
150.171.28.10,Доступен,5.247.35.72,Доступен,Свойство=359
150.171.28.10,Доступен,6.30.200.123,Доступен,Свойство=359
150.171.28.10,Доступен,93.89.13.164,Доступен,Свойство=359
150.171.28.10,Доступен,79.156.111.13,Доступен,Свойство=359
150.171.28.10,Доступен,168.17.28.146,Доступен,Свойство=359
150.171.28.10,Доступен,175.35.5.144,Доступен,Свойство=359
150.171.28.10,Доступен,28.21.195.115,Доступен,Свойство=359
150.171.28.10,Доступен,39.74.169.77,Доступен,Свойство=359
150.171.28.10,Доступен,35.86.68.170,Доступен,Свойство=359
150.171.28.10,Доступен,9.197.82.71,Доступен,Свойство=359
8.134.50.24,Доступен,60.16.138.2,Доступен,Свойство=216
8.134.50.24,Доступен,121.23.50.22,Доступен,Свойство=216
8.134.50.24,Доступен,27.34.143.12,Доступен,Свойство=216
8.134.50.24,Доступен,58.11.93.54,Доступен,Свойство=216
8.134.50.24,Доступен,14.2.191.9,Доступен,Свойство=216
8.134.50.24,Доступен,26.36.69.85,Доступен,Свойство=216
8.134.50.24,Доступен,16.42.152.6,Доступен,Свойство=216
8.134.50.24,Доступен,111.75.10.20,Доступен,Свойство=216
8.134.50.24,Доступен,80.74.53.9,Доступен,Свойство=216
8.134.50.24,Доступен,75.99.20.22,Доступен,Свойство=216
151.101.192.84,Доступен,110.222.139.57,Доступен,Свойство=528
151.101.192.84,Доступен,160.83.107.178,Доступен,Свойство=528
151.101.192.84,Доступен,52.98.236.142,Доступен,Свойство=528
151.101.192.84,Доступен,153.146.168.61,Доступен,Свойство=528
151.101.192.84,Доступен,104.96.155.173,Доступен,Свойство=528
151.101.192.84,Доступен,184.95.230.19,Доступен,Свойство=528
151.101.192.84,Доступен,111.68.126.223,Доступен,Свойство=528
151.101.192.84,Доступен,204.111.212.1,Доступен,Свойство=528
151.101.192.84,Доступен,45.99.140.244,Доступен,Свойство=528
13.107.246.59,Доступен,109.124.110.82,Доступен,Свойство=425
13.107.246.59,Доступен,94.115.114.102,Доступен,Свойство=425
13.107.246.59,Доступен,92.196.9.128,Доступен,Свойство=425
13.107.246.59,Доступен,187.34.133.71,Доступен,Свойство=425
13.107.246.59,Доступен,190.11.212.12,Доступен,Свойство=425
13.107.246.59,Доступен,46.126.160.93,Доступен,Свойство=425
13.107.246.59,Доступен,116.133.99.77,Доступен,Свойство=425
13.107.246.59,Доступен,189.154.33.49,Доступен,Свойство=425
13.107.246.59,Доступен,18.120.35.252,Доступен,Свойство=425
185.88.181.11,Доступен,77.167.64.157,Доступен,Свойство=465
185.88.181.11,Доступен,185.10.92.178,Доступен,Свойство=465
185.88.181.11,Доступен,67.130.154.114,Доступен,Свойство=465
185.88.181.11,Доступен,131.58.225.51,Доступен,Свойство=465
185.88.181.11,Доступен,181.21.140.123,Доступен,Свойство=465
185.88.181.11,Доступен,11.40.203.211,Доступен,Свойство=465
185.88.181.11,Доступен,79.146.129.111,Доступен,Свойство=465
185.88.181.11,Доступен,92.216.22.135,Доступен,Свойство=465
151.101.130.167,Доступен,153.134.123.139,Доступен,Свойство=549
151.101.130.167,Доступен,105.71.210.163,Доступен,Свойство=549
151.101.130.167,Доступен,109.4.182.254,Доступен,Свойство=549
151.101.130.167,Доступен,196.138.185.30,Доступен,Свойство=549
151.101.130.167,Доступен,134.56.143.216,Доступен,Свойство=549
151.101.130.167,Доступен,89.117.226.117,Доступен,Свойство=549
151.101.130.167,Доступен,147.201.99.102,Доступен,Свойство=549
151.101.130.167,Доступен,151.164.135.99,Доступен,Свойство=549
151.101.130.167,Доступен,51.159.236.103,Доступен,Свойство=549
104.18.146.40,Доступен,191.30.85.2,Доступен,Свойство=308
104.18.146.40,Доступен,53.2.195.58,Доступен,Свойство=308
104.18.146.40,Доступен,76.2.85.145,Доступен,Свойство=308
104.18.146.40,Доступен,49.121.57.81,Доступен,Свойство=308
104.18.146.40,Доступен,27.228.38.15,Доступен,Свойство=308
104.18.146.40,Доступен,15.164.55.74,Доступен,Свойство=308
104.18.146.40,Доступен,10.187.23.88,Доступен,Свойство=308
104.18.146.40,Доступен,86.121.72.29,Доступен,Свойство=308
104.18.146.40,Доступен,38.63.46.161,Доступен,Свойство=308
104.18.146.40,Доступен,103.35.167.3,Доступен,Свойство=308
151.101.2.58,Доступен,99.30.169.14,Доступен,Свойство=312
151.101.2.58,Доступен,36.227.15.34,Доступен,Свойство=312
151.101.2.58,Доступен,173.92.47.0,Доступен,Свойство=312
151.101.2.58,Доступен,3.12.183.114,Доступен,Свойство=312
151.101.2.58,Доступен,103.7.115.87,Доступен,Свойство=312
151.101.2.58,Доступен,121.22.166.3,Доступен,Свойство=312
151.101.2.58,Доступен,8.84.106.114,Доступен,Свойство=312
151.101.2.58,Доступен,69.104.117.22,Доступен,Свойство=312
151.101.2.58,Доступен,68.164.29.51,Доступен,Свойство=312
151.101.2.58,Доступен,76.130.106.0,Доступен,Свойство=312
93.186.225.194,Доступен,87.197.252.162,Доступен,Свойство=698
93.186.225.194,Доступен,184.183.237.94,Доступен,Свойство=698
93.186.225.194,Доступен,126.133.237.202,Доступен,Свойство=698
93.186.225.194,Доступен,37.210.229.222,Доступен,Свойство=698
93.186.225.194,Доступен,219.13.231.235,Доступен,Свойство=698
93.186.225.194,Доступен,49.233.229.187,Доступен,Свойство=698
94.100.180.201,Доступен,186.93.61.235,Доступен,Свойство=575
94.100.180.201,Доступен,71.70.223.211,Доступен,Свойство=575
94.100.180.201,Доступен,89.146.109.231,Доступен,Свойство=575
94.100.180.201,Доступен,172.134.139.130,Доступен,Свойство=575
94.100.180.201,Доступен,202.210.150.13,Доступен,Свойство=575
94.100.180.201,Доступен,180.209.57.129,Доступен,Свойство=575
94.100.180.201,Доступен,211.228.124.12,Доступен,Свойство=575
94.100.180.201,Доступен,88.76.232.179,Доступен,Свойство=575
94.100.180.201,Доступен,35.127.166.247,Доступен,Свойство=575
183.79.250.251,Доступен,65.253.213.232,Доступен,Свойство=763
183.79.250.251,Доступен,91.191.255.226,Доступен,Свойство=763
183.79.250.251,Доступен,146.190.221.206,Доступен,Свойство=763
183.79.250.251,Доступен,198.217.209.139,Доступен,Свойство=763
183.79.250.251,Доступен,195.223.111.234,Доступен,Свойство=763
183.79.250.251,Доступен,172.177.192.222,Доступен,Свойство=763
183.79.250.251,Доступен,175.191.153.244,Доступен,Свойство=763
183.79.250.251,Доступен,102.224.213.224,Доступен,Свойство=763
183.79.250.251,Доступен,73.243.237.210,Доступен,Свойство=763
183.79.250.251,Доступен,81.188.255.239,Доступен,Свойство=763
13.107.136.10,Доступен,177.44.36.9,Доступен,Свойство=266
13.107.136.10,Доступен,30.53.2.181,Доступен,Свойство=266
13.107.136.10,Доступен,2.100.90.74,Доступен,Свойство=266
13.107.136.10,Доступен,31.6.49.180,Доступен,Свойство=266
13.107.136.10,Доступен,54.34.113.65,Доступен,Свойство=266
13.107.136.10,Доступен,32.211.17.6,Доступен,Свойство=266
13.107.136.10,Доступен,21.103.124.18,Доступен,Свойство=266
13.107.136.10,Доступен,18.73.173.2,Доступен,Свойство=266
13.107.136.10,Доступен,116.39.47.64,Доступен,Свойство=266
13.107.136.10,Доступен,34.217.4.11,Доступен,Свойство=266
23.54.13.169,Доступен,15.22.8.214,Доступен,Свойство=259
23.54.13.169,Доступен,67.54.126.12,Доступен,Свойство=259
23.54.13.169,Доступен,49.20.185.5,Доступен,Свойство=259
23.54.13.169,Доступен,87.11.140.21,Доступен,Свойство=259
23.54.13.169,Доступен,5.108.95.51,Доступен,Свойство=259
23.54.13.169,Доступен,135.72.3.49,Доступен,Свойство=259
23.54.13.169,Доступен,5.1.225.28,Доступен,Свойство=259
23.54.13.169,Доступен,72.37.101.49,Доступен,Свойство=259
23.54.13.169,Доступен,31.42.102.84,Доступен,Свойство=259
23.54.13.169,Доступен,154.47.51.7,Доступен,Свойство=259
211.45.27.231,Доступен,152.39.185.138,Доступен,Свойство=514
211.45.27.231,Доступен,170.143.172.29,Доступен,Свойство=514
211.45.27.231,Доступен,120.179.34.181,Доступен,Свойство=514
211.45.27.231,Доступен,144.88.212.70,Доступен,Свойство=514
211.45.27.231,Доступен,24.135.216.139,Доступен,Свойство=514
211.45.27.231,Доступен,68.194.230.22,Доступен,Свойство=514
211.45.27.231,Доступен,187.177.147.3,Доступен,Свойство=514
211.45.27.231,Доступен,207.3.248.56,Доступен,Свойство=514
211.45.27.231,Доступен,152.236.67.59,Доступен,Свойство=514
211.45.27.231,Доступен,152.79.188.95,Доступен,Свойство=514
199.232.208.194,Доступен,211.228.145.249,Доступен,Свойство=833
199.232.208.194,Доступен,223.232.234.144,Доступен,Свойство=833
199.232.208.194,Доступен,181.198.239.215,Доступен,Свойство=833
199.232.208.194,Доступен,195.235.192.211,Доступен,Свойство=833
186.192.83.12,Доступен,49.123.250.51,Доступен,Свойство=473
186.192.83.12,Доступен,140.103.114.116,Доступен,Свойство=473
186.192.83.12,Доступен,90.182.109.92,Доступен,Свойство=473
186.192.83.12,Доступен,221.34.43.175,Доступен,Свойство=473
186.192.83.12,Доступен,52.214.113.94,Доступен,Свойство=473
186.192.83.12,Доступен,83.172.178.40,Доступен,Свойство=473
186.192.83.12,Доступен,68.105.213.87,Доступен,Свойство=473
186.192.83.12,Доступен,52.210.158.53,Доступен,Свойство=473
186.192.83.12,Доступен,83.167.51.172,Доступен,Свойство=473
186.192.83.12,Доступен,198.93.63.119,Доступен,Свойство=473
104.16.103.112,Доступен,3.110.41.181,Доступен,Свойство=335
104.16.103.112,Доступен,30.42.100.163,Доступен,Свойство=335
104.16.103.112,Доступен,97.151.51.36,Доступен,Свойство=335
104.16.103.112,Доступен,33.22.54.226,Доступен,Свойство=335
104.16.103.112,Доступен,66.149.58.62,Доступен,Свойство=335
104.16.103.112,Доступен,62.111.35.127,Доступен,Свойство=335
104.16.103.112,Доступен,30.106.188.11,Доступен,Свойство=335
104.16.103.112,Доступен,15.188.16.116,Доступен,Свойство=335
104.16.103.112,Доступен,146.113.22.54,Доступен,Свойство=335
149.154.167.99,Доступен,162.244.122.41,Доступен,Свойство=569
149.154.167.99,Доступен,185.213.171.0,Доступен,Свойство=569
149.154.167.99,Доступен,213.43.137.176,Доступен,Свойство=569
149.154.167.99,Доступен,213.111.173.72,Доступен,Свойство=569
149.154.167.99,Доступен,23.241.166.139,Доступен,Свойство=569
149.154.167.99,Доступен,208.124.181.56,Доступен,Свойство=569
149.154.167.99,Доступен,200.126.117.126,Доступен,Свойство=569
149.154.167.99,Доступен,83.88.161.237,Доступен,Свойство=569
149.154.167.99,Доступен,136.48.195.190,Доступен,Свойство=569
40.114.177.156,Доступен,119.182.155.31,Доступен,Свойство=487
40.114.177.156,Доступен,188.181.69.49,Доступен,Свойство=487
40.114.177.156,Доступен,205.1.29.252,Доступен,Свойство=487
40.114.177.156,Доступен,45.147.153.142,Доступен,Свойство=487
40.114.177.156,Доступен,45.93.225.124,Доступен,Свойство=487
40.114.177.156,Доступен,129.219.110.29,Доступен,Свойство=487
40.114.177.156,Доступен,205.25.132.125,Доступен,Свойство=487
40.114.177.156,Доступен,106.220.42.119,Доступен,Свойство=487
40.114.177.156,Доступен,56.48.147.236,Доступен,Свойство=487
40.114.177.156,Доступен,32.209.80.166,Доступен,Свойство=487
185.88.181.56,Доступен,49.32.217.212,Доступен,Свойство=510
185.88.181.56,Доступен,203.7.173.127,Доступен,Свойство=510
185.88.181.56,Доступен,41.156.243.70,Доступен,Свойство=510
185.88.181.56,Доступен,8.80.168.254,Доступен,Свойство=510
185.88.181.56,Доступен,45.187.154.124,Доступен,Свойство=510
185.88.181.56,Доступен,161.64.180.105,Доступен,Свойство=510
185.88.181.56,Доступен,114.74.129.193,Доступен,Свойство=510
185.88.181.56,Доступен,15.213.57.225,Доступен,Свойство=510
185.88.181.56,Доступен,169.68.150.123,Доступен,Свойство=510
188.114.97.1,Доступен,53.46.133.168,Доступен,Свойство=400
188.114.97.1,Доступен,181.39.16.164,Доступен,Свойство=400
188.114.97.1,Доступен,64.88.85.163,Доступен,Свойство=400
188.114.97.1,Доступен,114.136.140.10,Доступен,Свойство=400
188.114.97.1,Доступен,95.17.75.213,Доступен,Свойство=400
188.114.97.1,Доступен,112.19.213.56,Доступен,Свойство=400
188.114.97.1,Доступен,10.208.109.73,Доступен,Свойство=400
188.114.97.1,Доступен,78.115.117.90,Доступен,Свойство=400
188.114.97.1,Доступен,28.11.122.239,Доступен,Свойство=400
188.114.97.1,Доступен,209.6.66.119,Доступен,Свойство=400
151.101.129.164,Доступен,220.71.128.126,Доступен,Свойство=545
151.101.129.164,Доступен,122.215.31.177,Доступен,Свойство=545
151.101.129.164,Доступен,186.93.102.164,Доступен,Свойство=545
151.101.129.164,Доступен,96.182.66.201,Доступен,Свойство=545
151.101.129.164,Доступен,54.245.89.157,Доступен,Свойство=545
151.101.129.164,Доступен,158.249.8.130,Доступен,Свойство=545
104.18.27.90,Доступен,26.133.26.54,Доступен,Свойство=239
104.18.27.90,Доступен,56.19.112.52,Доступен,Свойство=239
104.18.27.90,Доступен,144.25.9.61,Доступен,Свойство=239
104.18.27.90,Доступен,77.52.47.63,Доступен,Свойство=239
104.18.27.90,Доступен,52.92.74.21,Доступен,Свойство=239
104.18.27.90,Доступен,16.63.160.0,Доступен,Свойство=239
104.18.27.90,Доступен,86.51.77.25,Доступен,Свойство=239
104.18.27.90,Доступен,36.62.136.5,Доступен,Свойство=239
104.18.27.90,Доступен,38.6.51.144,Доступен,Свойство=239
104.18.27.90,Доступен,16.11.171.41,Доступен,Свойство=239
170.114.52.2,Доступен,46.21.178.93,Доступен,Свойство=338
170.114.52.2,Доступен,12.42.179.105,Доступен,Свойство=338
170.114.52.2,Доступен,6.82.208.42,Доступен,Свойство=338
170.114.52.2,Доступен,96.74.93.75,Доступен,Свойство=338
170.114.52.2,Доступен,71.123.20.124,Доступен,Свойство=338
170.114.52.2,Доступен,13.41.32.252,Доступен,Свойство=338
170.114.52.2,Доступен,86.83.154.15,Доступен,Свойство=338
170.114.52.2,Доступен,17.195.15.111,Доступен,Свойство=338
170.114.52.2,Доступен,28.135.126.49,Доступен,Свойство=338
104.17.117.12,Доступен,128.8.63.51,Доступен,Свойство=250
104.17.117.12,Доступен,65.9.4.172,Доступен,Свойство=250
104.17.117.12,Доступен,52.14.128.56,Доступен,Свойство=250
104.17.117.12,Доступен,86.57.11.96,Доступен,Свойство=250
104.17.117.12,Доступен,49.183.2.16,Доступен,Свойство=250
104.17.117.12,Доступен,74.53.115.8,Доступен,Свойство=250
104.17.117.12,Доступен,47.84.83.36,Доступен,Свойство=250
104.17.117.12,Доступен,143.35.34.38,Доступен,Свойство=250
104.17.117.12,Доступен,125.71.27.27,Доступен,Свойство=250
104.17.117.12,Доступен,21.138.39.52,Доступен,Свойство=250
44.193.31.197,Доступен,33.27.167.238,Доступен,Свойство=465
44.193.31.197,Доступен,70.215.56.124,Доступен,Свойство=465
44.193.31.197,Доступен,195.24.140.106,Доступен,Свойство=465
44.193.31.197,Доступен,17.235.82.131,Доступен,Свойство=465
44.193.31.197,Доступен,1.197.162.105,Доступен,Свойство=465
44.193.31.197,Доступен,123.221.116.5,Доступен,Свойство=465
44.193.31.197,Доступен,138.103.54.170,Доступен,Свойство=465
44.193.31.197,Доступен,76.214.97.78,Доступен,Свойство=465
